<?xml version="1.0" encoding="UTF-8"?>
<project-private xmlns="http://www.netbeans.org/ns/project-private/1">
    <editor-bookmarks xmlns="http://www.netbeans.org/ns/editor-bookmarks/2" lastBookmarkId="0"/>
    <open-files xmlns="http://www.netbeans.org/ns/projectui-open-files/2">
        <group name="Programacion II 2021">
            <file>file:/C:/Users/Julio/Downloads/JavaApplication10/Engine/textures/Texture.java</file>
            <file>file:/C:/Users/Julio/Downloads/JavaApplication10/Animation/animation/Animator.java</file>
            <file>file:/C:/Users/Julio/Downloads/JavaApplication10/Animation/animation/Animation.java</file>
            <file>file:/C:/Users/Julio/Downloads/JavaApplication10/Engine/renderEngine/MasterRenderer.java</file>
            <file>file:/C:/Users/Julio/Downloads/JavaApplication10/src/main/GeneralSettings.java</file>
            <file>file:/C:/Users/Julio/Downloads/JavaApplication10/Engine/utils/MyFile.java</file>
            <file>file:/C:/Users/Julio/Downloads/JavaApplication10/Animation/loaders/AnimatedModelLoader.java</file>
            <file>file:/C:/Users/Julio/Downloads/JavaApplication10/Engine/shaders/UniformMat4Array.java</file>
            <file>file:/C:/Users/Julio/Downloads/JavaApplication10/Animation/loaders/AnimationLoader.java</file>
            <file>file:/C:/Users/Julio/Downloads/JavaApplication10/Animation/renderer/AnimatedModelRenderer.java</file>
            <file>file:/C:/Users/Julio/Downloads/JavaApplication10/src/main/SceneLoader.java</file>
            <file>file:/C:/Users/Julio/Downloads/JavaApplication10/Resources/res/model.dae</file>
            <file>file:/C:/Users/Julio/Downloads/JavaApplication10/Animation/animatedModel/AnimatedModel.java</file>
            <file>file:/C:/Users/Julio/Downloads/JavaApplication10/src/main/AnimationApp.java</file>
            <file>file:/C:/Users/Julio/Downloads/JavaApplication10/Engine/textures/TextureBuilder.java</file>
            <file>file:/C:/Users/Julio/Downloads/JavaApplication10/build.xml</file>
            <file>file:/C:/Users/Julio/Downloads/JavaApplication10/Animation/animation/KeyFrame.java</file>
            <file>file:/C:/Users/Julio/Downloads/JavaApplication10/Resources/res/diffuse.png</file>
        </group>
    </open-files>
</project-private>
